command,success
"./***-action-main/github-mcp-server/github-mcp-server and args: stdio,--read-only",Success
./build-packages,Unknown
./build-packages --build-type both,Success
./build-packages --build-type packages-only,Success
./build-packages --build-type packages-only --container-source=pull --container-tag=main,Unknown
"./build-packages --build-type packages-only"")",Success
./build-packages --build-type packages-only`,Unknown
./build-packages --build-type packages-only` and transfer the wheel file directly to your OT-2,Unknown
./build-packages --container-source=build --build-type packages-only | head -n 50,Unknown
./build-packages --container-source=build --build-type packages-only | tee /tmp/<TEMP>.log,Unknown
./build-packages --container-source=build --index-root-url=<VAR>/${ {github.ref_name}},Failed
./build-packages --container-source=build --index-root-url=<VAR>/<VAR>,Success
./build-packages --container-source=pull --container-tag=main --build-type packages-only,Success
./build-packages --container-source=pull --container-tag=main --index-root-url=<VAR>,Unknown
./build-packages --container-source=pull --container-tag=main --index-root-url=<VAR>/<VAR>,Unknown
./build-packages --help,Failed
./build-packages --prep-container-only,Unknown
./build-packages --prep-container-only --container-source=build,Success
./build-packages`.,Unknown
compiling Python packages for ARM7HF architecture,Failed
cp /tmp/<TEMP>/dist/ujson-5.10.0-py3-none-linux_armv7l.whl /home/runner/work/opentrons-python-packages/opentrons-pyth...,Unknown
cp /tmp/<TEMP>/pendulum-3.1.0-cp310-cp310-linux_armv7l.whl /home/runner/work/opentrons-python-packages/opentrons-pyth...,Unknown
cp /tmp/<TEMP>/sqlalchemy-2.0.41-py3-none-any.whl wheels/,Unknown
cp tools/tests/test_data/dist/pandas/1.5.0/pandas-1.5.0-cp310-cp310-linux_armv7l.whl wheels/,Success
"curl -f $GITHUB_COPILOT_ACTION_DOWNLOAD_URL -o ./action.tar.gz > ""runtime-logs/download.log"" ; \",Unknown
"curl -f -H ""Authorization: ***"" $GITHUB_COPILOT_ACTION_STAGING_DOWNLOAD_URL -o ./action.tar.gz > ""runtime-logs/downlo...",Unknown
"curl -I ""https://raw.githubusercontent.com/sgbaird/opentrons-python-packages/79767ae/wheels/pendulum-3.1.0-cp310-cp31...",Success
"curl -I ""https://raw.githubusercontent.com/sgbaird/opentrons-python-packages/copilot/fix-11/wheels/pendulum-3.1.0-cp3...",Success
curl -I https://raw.githubusercontent.com/sgbaird/opentrons-python-packages/copilot/fix-11/wheels/pendulum-3.1.0-cp31...,Success
curl -I https://raw.githubusercontent.com/sgbaird/opentrons-python-packages/copilot/fix-11/wheels/pendulum-3.1.0-cp31...,Success
curl -I https://raw.githubusercontent.com/sgbaird/opentrons-python-packages/copilot/fix-11/wheels/ujson-5.10.0-py3-no...,Success
"curl -L -H ""Authorization: token $GITHUB_TOKEN"" ""$ARTIFACT_URL"" -o /tmp/<TEMP>.zip",Success
"curl -L -o /tmp/<TEMP>.zip ""https://github.com/sgbaird/opentrons-python-packages/suites/[run-id]/artifacts/[artifact-id]",Unknown
curl -L https://raw.githubusercontent.com/sgbaird/opentrons-python-packages/79767ae/wheels/pendulum-3.1.0-cp310-cp310...,Unknown
curl -L https://raw.githubusercontent.com/sgbaird/opentrons-python-packages/copilot/fix-11/wheels/pandas-1.5.0-cp310-...,Unknown
curl -L https://raw.githubusercontent.com/sgbaird/opentrons-python-packages/copilot/fix-11/wheels/pendulum-3.1.0-cp31...,Unknown
curl -L https://raw.githubusercontent.com/sgbaird/opentrons-python-packages/copilot/fix-11/wheels/ujson-5.10.0-py3-no...,Unknown
curl -L https://raw.githubusercontent.com/sgbaird/opentrons-python-packages/e7394f6/wheels/pendulum-3.1.0-cp310-cp310...,Unknown
curl -L https://raw.githubusercontent.com/sgbaird/opentrons-python-packages/main/wheels/ 2>/dev/null | grep -E '(cryp...,Success
curl -L https://raw.githubusercontent.com/sgbaird/opentrons-python-packages/main/wheels/pandas-1.5.0-cp310-cp310-linu...,Unknown
curl -L https://raw.githubusercontent.com/sgbaird/opentrons-python-packages/main/wheels/pendulum-3.1.0-cp310-cp310-ma...,Unknown
"curl -L {base_url}/pendulum-3.1.0-cp310-cp310-linux_armv7l.whl -o /tmp/<TEMP>.whl"",",Unknown
"curl -L {base_url}/pendulum-3.1.0-cp310-cp310-linux_armv7l.whl -o pendulum.whl"",",Unknown
"docker and args: run,-i,--rm,--init,mcp/playwright",Success
Docker build is running into network issues. Let me try a different approach and check if the change is correct by ex...,Unknown
Docker build namespace,Unknown
docker pull ghcr.io/opentrons/python-package-builder:main,Success
docker run --rm --platform linux/arm/v7 -v /tmp:/workspace python:3.10-slim bash -c,Unknown
docker run --rm --volume=/home/runner/work/opentrons-python-packages/opentrons-python-packages:/build-environment/pyt...,Unknown
docker run --rm --volume=/home/runner/work/opentrons-python-packages/opentrons-python-packages:/build-environment/pyt...,Unknown
"export PATH=""/home/runner/.local/bin:$PATH"" && cd /home/runner/work/opentrons-python-packages/opentrons-python-packag...",Success
file PyYAML-6.0.2-cp312-cp312-manylinux_2_17_x86_64.manylinux2014_x86_64.whl,Unknown
file wheels/pandas-1.5.0-cp310-cp310-linux_armv7l.whl,Unknown
"find . -name ""*.md"" -exec grep -l ""index-url\|package.*index\|pip install"" {} \;",Unknown
"find . -name ""*.py"" -exec grep -i ""CFLAGS\|CPPFLAGS\|CC\|CXX"" {} \;",Unknown
"find . -name ""*.py"" -exec grep -i ""flag\|compile\|cppflags\|cflags"" {} \;",Failed
git a/OT2-FLOW-TESTING.md b/OT2-FLOW-TESTING.md,Success
git a/PyYAML-6.0.2-cp312-cp312-manylinux_2_17_x86_64.manylinux2014_x86_64.whl b/PyYAML-6.0.2-cp312-cp312-manylinux_2_...,Unknown
git a/TESTING-SUMMARY.md b/TESTING-SUMMARY.md,Unknown
git a/TESTING.md b/TESTING.md,Unknown
git a/wheels/pandas-1.5.0-cp310-cp310-linux_armv7l.whl b/wheels/pandas-1.5.0-cp310-cp310-linux_armv7l.whl,Unknown
git a/wheels/pendulum-3.1.0-cp310-cp310-linux_armv7l.whl b/wheels/pendulum-3.1.0-cp310-cp310-linux_armv7l.whl,Unknown
git a/wheels/pendulum-3.1.0-cp310-cp310-manylinux_2_17_aarch64.manylinux2014_aarch64.whl b/wheels/pendulum-3.1.0-cp31...,Unknown
git a/wheels/pyyaml-6.0.2-cp310-cp310-linux_armv7l.whl b/wheels/pyyaml-6.0.2-cp310-cp310-linux_armv7l.whl,Unknown
git a/wheels/ujson-5.10.0-py3-none-linux_armv7l.whl b/wheels/ujson-5.10.0-py3-none-linux_armv7l.whl,Unknown
git add -f wheels/README.md wheels/pandas-1.5.0-cp310-cp310-linux_armv7l.whl wheels/prefect-3.3.4-py3-none-any.whl.pl...,Unknown
"git add CI-SIMPLIFICATION.md && git commit -m ""Add documentation for CI simplification"" && git push",Failed
"git add wheels/pyyaml-6.0.2-cp310-cp310-linux_armv7l.whl && git commit -m ""Add pure Python PyYAML wheel for ARMv7l co...",Unknown
git add wheels/ujson-5.10.0-py3-none-linux_armv7l.whl,Unknown
git checkout --progress --force -B copilot/fix-11 refs/remotes/origin/copilot/fix-11,Unknown
git checkout --progress --force -B copilot/fix-13 refs/remotes/origin/copilot/fix-13,Unknown
git checkout --progress --force refs/remotes/pull/12/merge,Success
git checkout 2024.x.x # Latest,Unknown
git checkout 3.1.0,Unknown
git checkout 3.3.4,Failed
git checkout 3.x.x # Latest stable,Unknown
git checkout 43.x.x # Latest stable,Unknown
git checkout 847e34d -- .github/workflows/build-and-deploy.yaml,Unknown
git checkout v0.x.x # Latest stable,Unknown
git checkout v5.10.0,Unknown
git clone https://github.com/astral-sh/uv.git,Unknown
git clone https://github.com/ijl/orjson.git,Unknown
git clone https://github.com/MagicStack/asyncpg.git,Unknown
git clone https://github.com/mrabarnett/mrab-regex.git,Unknown
git clone https://github.com/PrefectHQ/prefect.git,Unknown
git clone https://github.com/pyca/cryptography.git,Unknown
git clone https://github.com/ruamel/yaml.git,Unknown
git clone https://github.com/sdispater/pendulum.git,Unknown
git clone https://github.com/sgbaird/opentrons-python-packages.git,Unknown
git clone https://github.com/ultrajson/ultrajson.git,Unknown
git commit -m Add ARMv7l-compatible pendulum wheel and fix GitHub URLs for immediate access,Unknown
git commit -m Add connectivity status and comprehensive testing validation,Unknown
git commit -m Add minimal device testing approach,Unknown
git commit -m Add OT-2 flow testing documentation and identify ujson dependency blocker,Unknown
git commit -m Add pure Python PyYAML wheel for ARMv7l compatibility,Unknown
git commit -m Add ujson ARMv7l fallback wheel to complete Prefect flow functionality,Unknown
git commit -m Complete testing infrastructure and validation on working device,Unknown
git commit -m Complete testing infrastructure with refined guide and monitoring tools,Unknown
git commit -m Implement Tailscale GitHub Action for OT-2 testing,Unknown
"git pull' before pushing again.\n"" +",Unknown
git push,Success
"git push --help' for details.\n"",",Success
git push -v origin copilot/fix-1,Success
git push -v origin copilot/fix-11,Success
git push -v origin copilot/fix-13,Success
git push -v origin copilot/fix-3,Success
git push -v origin copilot/fix-5,Success
git push -v origin copilot/fix-7,Success
git push -v origin copilot/fix-9,Success
git push -v origin REDACTED,Failed
"git push -v origin REDACTED',",Failed
git push origin $TAG,Success
git rm test.c PyYAML-6.0.2-cp312-cp312-manylinux_2_17_x86_64.manylinux2014_x86_64.whl cryptography-45.0.4.tar.gz,Unknown
"grep -n ""pip.*wheel\|pip install\|pip build"" builder/package_build/*.py",Success
"Invoking tool: github-mcp-server/get_commit with params: {""owner"":""sgbaird"",""repo"":""opentrons-python-packages"",""sha"":...",Success
"Invoking tool: github-mcp-server/get_issue with params: {""owner"":""Opentrons"",""repo"":""opentrons-python-packages"",""issu...",Success
"Invoking tool: github-mcp-server/get_issue with params: {""owner"":""sgbaird"",""repo"":""opentrons-python-packages"",""issue_...",Success
"Invoking tool: github-mcp-server/get_issue with params: {""owner"":""sgbaird"",""repo"":""opentrons-python-packages"",""issue_...",Success
"Invoking tool: github-mcp-server/get_issue_comments with params: {""owner"":""sgbaird"",""repo"":""opentrons-python-packages...",Success
"Invoking tool: github-mcp-server/get_pull_request with params: {""owner"":""sgbaird"",""repo"":""opentrons-python-packages"",...",Success
ls -la pendulum-3.1.0-cp310-cp310-linux_armv7l.whl,Unknown
ls -la wheels/pendulum-3.1.0-cp310-cp310-linux_armv7l.whl,Unknown
mkdir -p /tmp/<TEMP>,Unknown
mkdir -p packages/pendulum/3.1.0,Unknown
mkdir -p packages/prefect/3.3.4,Unknown
mkdir -p packages/ujson/5.10.0,Unknown
mkdir -p wheels,Unknown
mkdir -p ~/.ssh,Unknown
mkdir pendulum_build && cd pendulum_build,Unknown
mv __init__.py ujson.py,Unknown
mv prefect_client-3.4.6-py3-none-any.whl wheels/,Unknown
npx and args: @playwright/mcp@latest,Success
pip download --no-deps pydantic-core --dest ./wheels --platform linux_armv7l --only-binary=:all:,Success
pip download pydantic-core==2.27.2 --dest ./wheels --platform linux_armv7l --only-binary=:all: --python-version 3.10,Failed
pip download ujson --dest ./wheels --platform linux_armv7l --only-binary=:all:,Failed
pip download ujson==5.10.0 --dest ./wheels --platform linux_armv7l --only-binary=:all: --python-version 3.10,Failed
"pip install ""$TEMP_DIR/$WHEEL_FILE",Success
"pip install ""$wheel"" --force-reinstall --no-deps",Unknown
pip install 'asyncpg[gssauth]'</pre>,Unknown
pip install --dry-run pendulum-3.1.0-py3-none-any.whl,Unknown
pip install --dry-run pendulum-test.whl,Failed
"pip install --force-reinstall --no-deps --user https://raw.git"",",Success
pip install --force-reinstall --no-deps --user https://raw.githubusercontent.com/sgbaird/opentrons-python-packages/co...,Success
pip install --force-reinstall --no-deps --user https://raw.githubusercontent.com/sgbaird/opentrons-python-packages/co...,Success
pip install --force-reinstall --no-deps --user https://raw.githubusercontent.com/sgbaird/opentrons-python-packages/co...,Success
pip install --force-reinstall --no-deps \,Unknown
pip install --no-deps https://raw.githubusercontent.com/sgbaird/opentrons-python-packages/45c77e3/wheels/prefect-3.3....,Unknown
pip install --no-deps https://raw.githubusercontent.com/sgbaird/opentrons-python-packages/45c77e3/wheels/prefect-3.3.4,Success
pip install --upgrade sqlalchemy,Success
pip install --upgrade typing_extensions-4.12.2-py3-none-any.whl,Failed
"pip install --user 'pydantic>=2.0,<2.5' --force-reinstall",Failed
pip install --user 'pydantic[email]<2.0,Success
"pip install --user --force-reinstall 'pydantic>=2.0,<3.0",Failed
"pip install --user --force-reinstall --no-deps ${BASE_URL}pendulum-3.1.0-cp310-cp310-linux_armv7l.whl'"" ""Install pend...",Unknown
"pip install --user --force-reinstall --no-deps ${BASE_URL}prefect-3.3.4-py3-none-any.whl'"" ""Install Prefect wheel",Unknown
"pip install --user --force-reinstall --no-deps ${BASE_URL}ujson-5.10.0-py3-none-linux_armv7l.whl'"" ""Install ujson wheel",Unknown
pip install --user --force-reinstall --no-deps \,Success
pip install --user --force-reinstall --no-deps https://raw.githubusercontent.com/sgbaird/opentrons-python-p,Success
pip install --user --force-reinstall --no-deps https://raw.githubusercontent.com/sgbaird/opentrons-python-packages/co...,Success
pip install --user --force-reinstall --no-deps https://raw.githubusercontent.com/sgbaird/opentrons-python-packages/co...,Success
pip install --user --force-reinstall --no-deps https://raw.githubusercontent.com/sgbaird/opentrons-python-packages/co...,Success
pip install --user --force-reinstall --no-deps prefect,Success
pip install --user --force-reinstall --no-deps {base_url}{wheel},Success
pip install --user --force-reinstall [wheel_urls],Unknown
pip install --user --no-compile --no-cache-dir --find-links https://pypi.org/simple/ cryptography,Success
pip install --user --no-deps --no-binary=:all: sqlalchemy==2.0.0,Success
pip install --user --no-deps asgi-lifespan jsonpatch rfc3339-validator readchar typer,Success
pip install --user --no-deps dateparser,Success
pip install --user --no-deps httpx,Success
pip install --user --no-deps jsonpointer,Success
pip install --user --no-deps jsonpointer`,Unknown
pip install --user --no-deps pydantic-settings aiosqlite alembic apprise asgi-lifespan jsonpatch rfc3339-validator re...,Success
pip install --user --no-deps ruamel.yaml,Success
pip install --user --no-deps ruamel.yaml`,Success
pip install --user --no-deps shellingham asyncpg ruamel-yaml-clib,Success
pip install --user --no-deps tzlocal,Success
pip install --user --no-deps uv,Success
pip install --user --upgrade --force-reinstall sqlalchemy,Success
pip install --user --upgrade \,Success
pip install --user --upgrade anyio fastapi jinja2 prometheus-client,Success
pip install --user --upgrade pydantic>=2.0,Failed
pip install --user --upgrade pydantic>=2.0 rich typing-extensions>=4.10.0,Success
pip install --user --upgrade pydantic>=2.0 rich typing-extensions>=4.10.0 aiosqlite alembic apprise asgi-lifespan jso...,Failed
"pip install --user --upgrade pydantic>=2.0 rich typing-extensions>=4.10.0'"" ""Install additional dependencies",Unknown
pip install --user --upgrade typing-extensions>=4.10.0,Success
pip install --user --upgrade typing_extensions-4.12.2-py3-none-any.whl,Failed
pip install --user --upgrade websockets,Success
pip install --user --upgrade {dep},Success
pip install --user aiosqlite alembic apprise asgi-lifespan jsonpatch rfc3339-validator readchar typer ruamel-yaml,Success
pip install --user aiosqlite alembic apprise asgi-lifespan jsonpatch rfc3339-validator readchar typer ruamel-yaml --n...,Success
pip install --user aiosqlite alembic graphviz jinja2-humanize-extension apprise docker,Success
pip install --user aiosqlite alembic graphviz jinja2-humanize-extension apprise docker`,Unknown
pip install --user anyio cloudpickle importlib-metadata,Failed
pip install --user asgi-lifespan jsonpatch rfc3339-validator readchar typer ruamel-yaml,Success
pip install --user asyncpg,Success
pip install --user asyncpg cryptography shellingham,Success
pip install --user cachetools,Success
pip install --user cloudpickle,Success
pip install --user coolname,Success
pip install --user cryptography,Success
pip install --user cryptography.whl,Success
pip install --user dateparser,Success
pip install --user fsspec,Success
pip install --user griffe,Success
pip install --user httpx,Success
pip install --user humanize,Success
pip install --user humanize sqlalchemy alembic,Failed
pip install --user opentelemetry-api,Success
pip install --user orjson,Success
pip install --user orjson --no-deps,Success
pip install --user package_name,Failed
pip install --user pathspec,Success
pip install --user pref,Failed
pip install --user prefect-client,Success
pip install --user prefect_client-3.4.6-py3-none-any.whl,Unknown
pip install --user prefect_client-3.4.6-py3-none-any.whl.1,Success
pip install --user pydantic-extra-types,Success
pip install --user pydantic-settings,Success
pip install --user pydantic>=2.0 rich typing-extensions>=4.10.0,Success
pip install --user python-slugify,Success
pip install --user python-socks[asyncio],Success
pip install --user referencing,Success
pip install --user rich,Success
pip install --user shellingham,Success
pip install --user sqlalchemy==2.0.41 referencing rpds-py,Success
pip install --user toml,Success
pip install --user typing_extensions --upgrade,Failed
pip install --user wheel_file.whl,Unknown
pip install -r requirements-frozen.txt,Failed
pip install -r requirements.txt,Unknown
pip install ./dist/builder-*.whl,Success
pip install /home/runner/work/opentrons-python-packages/opentrons-python-packages/wheels/pendulum-3.1.0-py3-none-any....,Success
pip install /path/to/prefect-3.3.4-py3-none-any.whl,Success
pip install /path/to/prefect-3.3.4-py3-none-any.whl`,Unknown
pip install /tmp/$wheel_name --force-reinstall,Unknown
"pip install /tmp/$wheel_name"" >> wheels/README.md",Success
pip install /tmp/${PACKAGE}.whl,Unknown
pip install /tmp/<TEMP>*.whl,Unknown
pip install /tmp/<TEMP>.3.4-py3-none-any.whl,Success
pip install /tmp/<TEMP>.whl,Success
"pip install /tmp/<TEMP>.whl && python3 -c 'import $PACKAGE; print(\""Success!\"")' && exit 0",Success
"pip install /tmp/<TEMP>.whl"",",Success
pip install /tmp/<TEMP>.whl; then,Unknown
pip install /tmp/[WHEEL_NAME].whl,Failed
pip install as mentioned in a separate merged PR,Failed
pip install asyncpg</pre>,Unknown
pip install asyncpg</span>,Unknown
pip install commands,Unknown
pip install cryptography-*-cp310-cp310-linux_armv7l.whl,Success
pip install directly from the GitHub URL,Unknown
pip install fails due to compilation requirements,Failed
pip install from an artifact,Success
pip install from GitHub (single command),Unknown
pip install https://raw.githubusercontent.com/sgbaird/opentrons-python-packages/,Unknown
pip install https://raw.githubusercontent.com/sgbaird/opentrons-python-packages/45c77e3/wheels/prefect-3.3.4-py3-none-,Failed
pip install https://raw.githubusercontent.com/sgbaird/opentrons-python-packages/45c77e3/wheels/prefect-3.3.4-py3-none...,Unknown
pip install https://raw.githubusercontent.com/sgbaird/opentrons-python-packages/45c77e3/wheels/pyyaml-6.0.2-cp310-cp3...,Unknown
pip install https://raw.githubusercontent.com/sgbaird/opentrons-python-packages/45c77e3/wheels/pyyaml-6.0.2-cp310-cp31,Success
pip install https://raw.githubusercontent.com/sgbaird/opentrons-python-packages/625ab5a/wheels/pyyaml-6.0.2-cp310-cp3...,Unknown
pip install https://raw.githubusercontent.com/sgbaird/opentrons-python-packages/625ab5a/wheels/pyyaml-6.0.2-cp310-cp31,Failed
pip install https://raw.githubusercontent.com/sgbaird/opentrons-python-packages/79767ae/wheels/pendulum-3.1.0-cp310-c...,Success
pip install https://raw.githubusercontent.com/sgbaird/opentrons-python-packages/79767ae/wheels/pendulum-3.1.0-cp310-cp,Success
pip install https://raw.githubusercontent.com/sgbaird/opentrons-python-packages/79767ae/wheels/prefect-3.3.4-py3-none-,Failed
pip install https://raw.githubusercontent.com/sgbaird/opentrons-python-packages/79767ae/wheels/prefect-3.3.4-py3-none...,Success
pip install https://raw.githubusercontent.com/sgbaird/opentrons-python-packages/copilot/fix-11/wheels/pendulum-3.1.0-...,Success
pip install https://raw.githubusercontent.com/sgbaird/opentrons-python-packages/copilot/fix-11/wheels/prefe,Failed
pip install https://raw.githubusercontent.com/sgbaird/opentrons-python-packages/copilot/fix-11/wheels/prefect_client-...,Failed
pip install https://raw.githubusercontent.com/sgbaird/opentrons-python-packages/copilot/fix-11/wheels/ujson,Success
pip install https://raw.githubusercontent.com/sgbaird/opentrons-python-packages/copilot/fix-11/wheels/ujson-5.10.0-py...,Unknown
pip install https://raw.githubusercontent.com/sgbaird/opentrons-python-packages/main/wheels/pendulum-3.1.0-cp310-cp31...,Unknown
pip install https://raw.githubusercontent.com/sgbaird/opentrons-python-packages/main/wheels/prefect_client-3.4.6-py3-...,Success
pip install maturin,Unknown
pip install pendulum-3.1.0-cp310-cp310-linux_armv7l.whl,Unknown
pip install pendulum.whl,Unknown
"pip install pendulum.whl"",",Unknown
pip install pipreqs,Success
pip install pkginfo beautifulsoup4 requests airium,Success
pip install playwright,Success
pip install prefect,Failed
pip install prefect --index-url <opentrons-package-index-url>,Success
pip install prefect --index-url http://pypi.opentrons.com/simple/,Success
pip install prefect --index-url http://pypi.opentrons.com/simple/`,Unknown
pip install prefect --index-url https://dev.pypi.opentrons.com/[branch-name]/simple/,Unknown
pip install prefect --index-url https://dev.pypi.opentrons.com/[branch-name]/simple/`,Unknown
pip install prefect --index-url https://dev.pypi.opentrons.com/copilot/fix-1/simple/,Unknown
pip install prefect --index-url https://dev.pypi.opentrons.com/copilot/fix-1/simple/`,Unknown
pip install prefect-*.whl,Success
pip install prefect-3.3.4-py3-none-any.whl,Success
pip install prefect.whl,Success
"pip install prefect.whl"",",Success
pip install prefect_client-3.4.6-py3-none-any.whl,Success
pip install pydantic,Success
pip install pydantic-core annotated-types typer click httpx sniffio anyio --quiet,Failed
pip install pydantic-settings --quiet,Failed
pip install pytest,Success
pip install pyyaml --only-binary=all,Success
pip install regex-*-cp310-cp310-linux_armv7l.whl,Success
pip install rich` completes the installation,Success
pip install typer click rich httpx --quiet,Unknown
pip install typing_extensions --upgrade,Failed
pip install ujson --break-system-packages,Failed
pip install ujson-5.10.0-py3-none-linux_armv7l.whl,Unknown
pip install wheel,Unknown
pip install wheel setuptools,Unknown
pip install wheel setuptools &&,Failed
pip install wheels/pendulum-3.1.0-cp310-cp310-linux_armv7l.whl,Unknown
pip install wheels/prefect-3.3.4-py3-none-any.whl,Unknown
pip install wheels/prefect-3.3.4-py3-none-any.whl --no-deps --force-reinstall --quiet,Unknown
pip install wheels/prefect-3.3.4-py3-none-any.whl --no-deps --quiet,Unknown
pip install wheels/prefect-3.3.4-py3-none-any.whl --quiet,Failed
pip install wheels/prefect_client-3.4.6-py3-none-any.whl --no-deps --quiet,Unknown
pip install wheels/pydantic-2.10.4-py3-none-any.whl,Unknown
pip install wheels/pydantic-2.10.4-py3-none-any.whl wheels/typing_extensions-4.12.2-py3-none-any.whl --no-deps --quiet,Unknown
pip install wheels/sqlalchemy-2.0.41-py3-none-any.whl,Unknown
pip install wheels/ujson-5.10.0-py3-none-linux_armv7l.whl,Unknown
"pip install {wheel_path}"")",Failed
poetry install,Unknown
poetry install --sync --without=dev \,Unknown
poetry poe [global options] task [task arguments],Unknown
poetry poe _formatcheck,Failed
poetry poe lint,Failed
poetry poe test,Success
poetry run black --check ./builder ./tests,Unknown
poetry run black --diff builder/package_build/shell_environment.py,Success
poetry run black builder/package_build/shell_environment.py,Success
python -m pytest tests/builder/package_build/test_build_wheel.py -v,Failed
python -m zipfile -c ../pendulum-3.1.0-cp310-cp310-linux_armv7l.whl pendulum/ pendulum-3.1.0.dist-info/,Unknown
python /tmp/<TEMP>.py,Failed
python fetch_deprecation_info.py,Failed
python fetch_deprecation_info.py ` (dns block),Unknown
"Python formatting issue in shell_environment.py"",",Failed
python install.py PACKAGE_NAME,Unknown
"python install.py PACKAGE_NAME"")",Unknown
"python install.py pandas"")",Unknown
python install.py pendulum,Failed
python install.py pendulum && python install.py prefect`,Unknown
"python install.py pendulum"")",Failed
python install.py pendulum` then `python install.py prefect`,Unknown
python install.py prefect,Success
"python install.py prefect"")",Unknown
python install.py prefect-client,Success
"python install.py prefect-client"")",Unknown
Python installer script: `ot2_prefect_final_installer.py`,Unknown
python installer.py,Unknown
python ot2_installer.py,Success
"python ot2_installer.py"")",Unknown
python ot2_prefect_installer.py,Success
python ot2_prefect_installer.py`,Unknown
"Python package, let me try using the `GithubDevSource` which downloads the repo archive. Let me update the build.py:",Success
Python packages that use pyproject.toml instead of setup.py. Let me examine the build_wheel.py to see if it supports ...,Unknown
Python packaging standards suggest using `pip install .` or `python -m build` instead of `setup.py bdist_wheel`,Success
"python setup.py {"" "".join(commands)}')",Failed
Python syntax of my build.py file:,Failed
python test_installer.py,Unknown
python test_ot2_prefect.py,Success
python test_ot2_prefect.py`,Unknown
python test_pandas_build_simulation.py,Unknown
python test_pandas_fix.py,Success
python test_shell_environment.py,Success
python validate_fix.py,Success
python validate_workflows.py,Unknown
python3 -m pip download ujson --platform linux_armv7l --abi cp310 --implementation cp --only-binary=:all: --no-deps,Failed
python3 -m pip download ujson==5.10.0 --platform linux_armv7l --abi cp310 --implementation cp --only-binary=:all: --n...,Failed
python3 -m poetry install,Unknown
python3 setup.py bdist_wheel --plat-name linux_armv7l,Unknown
rm -f yaml/_yaml.cpython-* && rm -rf PyYAML.libs && rm -rf _yaml,Unknown
rm pendulum-3.1.0-cp310-cp310-manylinux_2_17_aarch64.manylinux2014_aarch64.whl,Unknown
scp -o StrictHostKeyChecking=no /home/runner/work/opentrons-python-packages/opentrons-python-packages/ot2_enhanced_fl...,Unknown
scp -o StrictHostKeyChecking=no /home/runner/work/opentrons-python-packages/opentrons-python-packages/ot2_flow_servin...,Unknown
scp -o StrictHostKeyChecking=no /home/runner/work/opentrons-python-packages/opentrons-python-packages/ot2_flow_valida...,Unknown
scp -o StrictHostKeyChecking=no /home/runner/work/opentrons-python-packages/opentrons-python-packages/ot2_simple_flow...,Unknown
scp -o StrictHostKeyChecking=no /tmp/<TEMP>.py ******:/tmp/,Unknown
scp ot2_opentrons_prefect_solution.py root@ot2-simulator-9d169e.tail6a1dd7.ts.net:/root/,Unknown
scp ot2_prefect_compatibility_test.py root@ot2-simulator-9d169e.tail6a1dd7.ts.net:/root/,Unknown
scp pydantic_compat.py root@ot2-simulator-9d169e.tail6a1dd7.ts.net:/root/,Unknown
scp root@100.79.160.30:/tmp/<TEMP>.json ./logs/,Unknown
scp simple_integration_test.py root@ot2-simulator-9d169e.tail6a1dd7.ts.net:/root/,Unknown
scp validate_installation_guide.py root@100.79.160.30:/tmp/,Unknown
"ssh -o StrictHostKeyChecking=no ****** ""echo 'Current PATH:' && echo \$PATH && echo && echo 'Testing prefect binary:'...",Unknown
"tailscale ssh root@ot2-simulator-53ad71 ""export PYTHONPATH='/var/user-packages/root/.local/lib/python3.10/site-packag...",Failed
"tailscale ssh root@ot2-simulator-53ad71 ""mkdir -p ~/.local/lib/python3.10/site-packages/aiosqlite",Unknown
"tailscale ssh root@ot2-simulator-53ad71 ""mkdir -p ~/.local/lib/python3.10/site-packages/asyncpg",Unknown
tar -C /tmp -xzf tailscale.tgz,Failed
tar -tzf pendulum-3.1.0.tar.gz | head -10,Unknown
tar -xzf pendulum-3.1.0.tar.gz,Unknown
tar -xzf tailscale_1.82.0_arm.tgz,Success
"tar -zxvf ./action.tar.gz >> ""runtime-logs/download.log"" && \",Success
Testing $wheel,Unknown
Testing & Validation:**,Failed
testing (5 measurements),Success
testing (on ARM environment):**,Unknown
testing (package),Failed
testing (requires network access),Success
testing + validation,Unknown
testing access to the device first,Unknown
"Testing Alternative Imports..."")",Unknown
testing and a command tracking script for when the fresh device becomes available:,Unknown
"testing and deployment."" [ref=e85]:",Unknown
"testing and deployment."" [ref=e88]",Unknown
testing and quickstart example,Success
testing and validation of pandas complex number fix,Failed
testing approach,Success
testing approach was created in the previous commits:,Unknown
testing approach with essential validation,Success
"testing asyncpg is, on average, <strong>5x</strong> faster than psycopg3.</p>",Unknown
TESTING AUTOMATED INSTALLATION,Unknown
"Testing basic flow/task functionality...\"")",Success
Testing basic Pandas functionality...\,Success
Testing basic Pendulum functionality...\,Success
Testing Basic Prefect Functionality ===,Success
"Testing Basic Prefect Functionality ==="")",Success
Testing basic Prefect functionality...\,Success
"Testing basic Prefect import..."")",Unknown
"Testing basic Prefect workflow..."")",Success
"Testing Basic Workflow..."")",Success
"Testing build configuration imports..."")",Success
"Testing build system integration..."")",Success
Testing Capabilities,Unknown
testing capabilities,Success
testing capability,Success
Testing Commands,Unknown
Testing Commands for OT-2 Device,Unknown
"Testing complete flow execution..."")",Success
"Testing complete Prefect installation..."")",Unknown
Testing connection to OT-2 simulator,Unknown
Testing connection to: $OT2_HOST,Success
Testing connectivity to $name ($device),Success
TESTING CONNECTIVITY TO FRESH DEVICE,Success
Testing connectivity to fresh device (100.101.232.60),Failed
Testing connectivity to working device (100.79.160.30),Success
"Testing connectivity to {device_ip}..."")",Success
"Testing connectivity to {device}..."")",Success
"TESTING CORE IMPORT"")",Success
"Testing Core Import..."")",Success
Testing Current Functionality,Failed
"Testing Dependencies..."")",Unknown
"Testing deployment creation...\"")",Failed
testing details in OT2-FLOW-TESTING.md (commit 6cad3c2),Success
Testing direct flow execution...'),Success
"Testing Direct Flow Import..."")",Success
Testing direct import of flow and task decorators...'),Failed
"Testing direct pendulum installation..."")",Failed
testing documentation,Success
testing documentation (TESTING.md),Unknown
testing documentation and identify ujson dependency blocker,Success
testing documentation to understand where we left off:,Unknown
Testing Duration**: Successfully connected and validated functionality,Success
testing each component:,Unknown
"Testing flow and task access..."")",Success
"Testing flow and task imports..."")",Success
"Testing flow creation..."")",Success
"testing flow creation..."")",Success
testing flow creation...'),Success
Testing flow creation...'),Success
"TESTING FLOW DECORATORS"")",Success
"Testing Flow Execution"")",Success
"Testing flow execution..."")",Success
Testing flow execution...'),Success
"Testing flow execution...\"")",Failed
Testing Flow Serving Capability,Success
"Testing Flow Serving Capability"")",Success
TESTING FRESH DEVICE (ot2-simulator-9d169e),Failed
testing functionality directly to it. I need to remove those modifications. Let me check the original state of this f...,Unknown
testing immediately when ot2-simulator-9d169e comes online.**,Unknown
"Testing import of {module_name}..."")",Success
"Testing import..."")",Success
"testing in ""Build and Deploy"" workflow",Unknown
TESTING IN PROGRESS,Unknown
Testing in progress,Unknown
"TESTING INDIVIDUAL MODULES"")",Unknown
testing infrastructure,Success
testing infrastructure and validation on working device,Success
Testing Infrastructure Created,Unknown
Testing infrastructure created,Unknown
testing infrastructure exists:,Unknown
testing infrastructure ready for immediate execution when device comes online,Unknown
testing infrastructure to keep things minimal,Unknown
testing infrastructure with refined guide and monitorin g tools,Unknown
testing infrastructure with refined guide and monitoring tools,Unknown
"testing infrastructure"",",Unknown
Testing Infrastructure**:,Failed
"testing infrastructure, documentation additions, and integration scripts have been removed. Repository is now in clea...",Success
Testing Installation ===,Success
"Testing Installation ==="")",Unknown
"Testing installation compatibility..."")",Failed
Testing installation of package: $PACKAGE,Success
TESTING INSTALLATION VERIFICATION,Success
"Testing Installation"")",Success
"Testing installation..."")",Success
"testing is deprecated:FutureWarning:importlib"",",Unknown
testing is explicitly enabled,Failed
TESTING MANUAL INSTALLATION (FALLBACK),Unknown
Testing Manual Wheel Installation ===,Success
"Testing Manual Wheel Installation ==="")",Failed
Testing minimal flow...'),Success
testing of the working device:,Unknown
testing on actual OT-2 hardware,Success
testing on OT-2 simulator,Unknown
"testing on the OT-2 simulator, we have made significant progress but haven't achieved full flow execution yet. Let me...",Success
"Testing on: OT-2 Simulator (ot2-simulator-53ad71.tail6a1dd7.ts.net)"")",Unknown
testing once we can connect:,Unknown
"Testing opentrons.simulate with environment isolation..."")",Success
Testing opentrons.simulate with system pydantic v1:,Failed
"Testing opentrons.simulate with system pydantic v1:\"")",Success
"Testing opentrons.simulate..."")",Success
TESTING OPTION 1: AUTOMATED INSTALLATION SCRIPT,Unknown
"TESTING OPTION 1: AUTOMATED INSTALLATION SCRIPT"")",Unknown
TESTING OPTION 2: MANUAL INSTALLATION STEPS,Unknown
"TESTING OPTION 2: MANUAL INSTALLATION STEPS"")",Unknown
testing or automated after builds,Unknown
testing orchestration,Unknown
Testing OT-2 and Prefect Environment Compatibility ===,Success
"Testing OT-2 and Prefect Environment Compatibility ==="")",Success
testing our Prefect installation on OT-2,Success
"testing our Prefect installation on OT-2"")",Unknown
testing package installation on OT-2:,Unknown
Testing package: $PACKAGE,Success
Testing package: $package_name,Unknown
Testing pandas build simulation with complex number fix,Success
"Testing pandas build simulation with complex number fix"")",Success
Testing pandas-1.5.0-cp310-cp310-linux_armv7l.whl (pandas data analysis):,Unknown
"Testing pendulum import""):",Failed
Testing pendulum-3.1.0-cp310-cp310-linux_armv7l.whl (pendulum dependency):,Unknown
Testing pendulum-3.1.0-cp310-cp310-linux_armv7l.whl ---,Unknown
Testing Plan,Unknown
Testing Prefect + OT-2 Integration,Success
"Testing Prefect + OT-2 Integration"")",Success
"Testing Prefect + OT-2 integration..."")",Success
"Testing Prefect availability..."")",Success
Testing prefect binary:,Failed
"Testing Prefect CLI..."")",Success
"Testing Prefect Cloud Login Capability"")",Failed
"Testing Prefect core import..."")",Success
"Testing Prefect flow + OT-2 protocol integration..."")",Unknown
Testing Prefect Flow Execution on OT-2,Failed
Testing Prefect Flow Execution on OT-2'),Success
"Testing Prefect flow execution without server...\"")",Success
Testing Prefect flow functionality after prefect-client partial install...'),Failed
Testing Prefect flow functionality...'),Failed
Testing Prefect flow on OT-2 simulator...'),Success
Testing Prefect Flow on OT-2!,Success
Testing Prefect Flow on OT-2!'),Success
"Testing Prefect flow on OT-2..."" which means it got past the import and decorator definition phase. Let me check if i...",Success
"Testing Prefect flow on OT-2..."")",Success
Testing Prefect flow on OT-2...'),Success
"Testing Prefect Flow Serving Capability"")",Success
Testing Prefect Functionality ===,Success
"Testing Prefect Functionality ==="")",Success
"Testing Prefect functionality"")",Failed
"TESTING PREFECT FUNCTIONALITY"")",Failed
"Testing Prefect import""):",Failed
"Testing Prefect imports..."")",Success
testing Prefect installation on fresh OT2-simulator,Unknown
Testing Prefect Installation on OT-2,Unknown
Testing Prefect installation on ot2-simulator-9d169e.tail6a1dd7.ts.net,Success
"Testing Prefect installation on {DEVICE}"")",Success
"Testing Prefect installation..."")",Success
"Testing Prefect quickstart example on OT-2..."")",Unknown
"Testing Prefect Serve Command"")",Failed
"Testing Prefect serve functionality...\"")",Success
"Testing Prefect with user pydantic v2:\"")",Success
"Testing Prefect workflow functionality..."")",Success
"TESTING PREFECT WORKFLOW"")",Success
Testing prefect-3.3.4-py3-none-any.whl (prefect main package):,Unknown
Testing prefect-3.3.4-py3-none-any.whl ---,Unknown
Testing prefect-client wheel...'),Success
"Testing Prefect..."")",Success
TESTING PREREQUISITES,Success
Testing Prerequisites ===,Success
"Testing Prerequisites ==="")",Success
"TESTING PREREQUISITES"")",Success
testing process,Failed
testing process better:,Unknown
testing purposes:,Unknown
Testing Ready,Unknown
testing ready,Unknown
"Testing requirements files..."")",Success
"TESTING RESOLVED DEPENDENCIES"")",Success
Testing Results,Success
testing results,Success
Testing Results from Working Device (ot2-simulator-53ad71),Success
Testing Results:**,Success
"testing revealed that while Prefect imports successfully, it cannot actually create or serve flows due to missing cri...",Success
testing script,Failed
testing script for current functionality,Success
"testing scripts (validate_installation_guide.py - 610 lines, test_fresh_device.sh - 398 lines, test_fresh_installatio...",Unknown
"testing scripts will provide the detailed command history you requested, including:",Failed
Testing servable flow...'),Unknown
Testing Serve Functionality ===,Failed
"Testing Serve Functionality ==="")",Failed
testing session. This suggests that either:,Unknown
"Testing simple task execution without flow...\"")",Failed
Testing Solution,Failed
Testing Status,Success
Testing Step 1: Environment Setup,Unknown
"Testing Step 1: Environment Setup"")",Success
Testing Step 2: Requirements Files,Unknown
"Testing Step 2: Requirements Files"")",Unknown
Testing Step 3: Core Dependencies,Success
"Testing Step 3: Core Dependencies"")",Unknown
"Testing subprocess isolation approach...\"")",Unknown
testing suite that simulates OT-2 constraints,Failed
Testing Summary,Unknown
testing summary and recommendations,Success
testing that can be easily triggered:,Unknown
testing the configuration:,Unknown
testing the connection:,Unknown
testing the download and installation:,Unknown
testing the flow again:,Success
testing the GitHub raw URL access:,Failed
testing the OT-2 connection:,Unknown
testing the script logic):,Unknown
"testing through the repository's ""Actions"" tab",Success
"testing through the repository's \""Actions\"" tab",Success
"testing tools."" [ref=e61]:",Unknown
"testing tools."" [ref=e64]",Failed
TESTING TROUBLESHOOTING SCENARIOS,Success
"TESTING TROUBLESHOOTING SCENARIOS"")",Success
testing validation,Success
TESTING VERIFICATION STEPS,Success
"TESTING VERIFICATION STEPS"")",Success
"Testing wheel installation and imports..."")",Unknown
testing when device comes online,Unknown
testing when fresh device comes online,Unknown
testing when manually triggering the workflow,Success
testing with detailed command tracking,Failed
testing with force upgrade approach,Success
Testing Workflow,Unknown
testing workflow** (`.github/workflows/test-ot2-connection.yaml`),Unknown
testing workflow** (`.github/workflows/test-ot2-connection.yaml`) with Tailscale integration,Unknown
"Testing {name}..."")",Failed
"Testing {wheel_name} ({description}):"")",Failed
"Testing {wheel} ---"")",Failed
timeout 60 python3 -m pip download ujson==5.10.0 --platform manylinux_2_17_armv7l --abi cp310 --implementation cp --o...,Failed
unzip -l cryptography-*-cp310-cp310-linux_armv7l.whl,Unknown
unzip -l orjson-*-cp310-cp310-linux_armv7l.whl,Unknown
unzip -l pendulum-3.1.0-cp310-cp310-linux_armv7l.whl,Unknown
unzip -l regex-*-cp310-cp310-linux_armv7l.whl,Unknown
unzip -l ujson-5.10.0-py3-none-linux_armv7l.whl,Unknown
unzip /home/runner/work/opentrons-python-packages/opentrons-python-packages/PyYAML-6.0.2-cp312-cp312-manylinux_2_17_x...,Failed
"wget ""https://files.pythonhosted.org/packages/7a/db/5ddc89af544afca61f78a00abf9b1c84eff9bb4f4dc9c57765d44be1b3de3/reg...",Failed
wget -q https://files.pythonhosted.org/packages/1c/ce/98b6e1a2b096c6b7ad7cb73e2b36e1b5bb8c98e6c9fcabe4b1f45aa96e97/as...,Unknown
wget https://pypi.org/project/asyncpg/ || curl -O https://pypi.org/project/asyncpg/,Success
wget https://raw.githubusercontent.com/sgbaird/opentrons-python-packages/38bb4e2/wheels/pendulum-3.1.0-cp310-cp310-li...,Unknown
